{
  "DLSVersion": "2.1.6",
  "Name": "SQRT",
  "NameLocation": 0,
  "ChipType": 0,
  "ShouldBeCached": false,
  "Size": {
    "x": 0.725,
    "y": 0.875
  },
  "Colour": {
    "r": 0.588273764,
    "g": 0.791139543,
    "b": 0.34441632,
    "a": 1
  },
  "InputPins":[
    {
      "Name":"IN",
      "ID":1237623879,
      "Position":{
        "x":9.5,
        "y":-10.5
      },
      "BitCount":"8",
      "Colour":0,
      "ValueDisplayMode":1,
      "face":1,
      "LocalOffset":0.0
    }
  ],
  "OutputPins":[
    {
      "Name":"OUT",
      "ID":430248595,
      "Position":{
        "x":15.4865,
        "y":-10.5
      },
      "BitCount":"16",
      "Colour":0,
      "ValueDisplayMode":1,
      "face":1,
      "LocalOffset":0.0
    }
  ],
  "SubChips":[
    {
      "Name":"ROM 256×16",
      "ID":854218336,
      "Label":"",
      "Position":{
        "x":11.76,
        "y":-10.5
      },
      "OutputPinColourInfo":[{"PinColour":0,"PinID":1},{"PinColour":0,"PinID":2}],
      "InternalData":[0,1000,1414,1732,2000,2236,2449,2645,2828,3000,3162,3316,3464,3605,3741,3872,4000,4123,4242,4358,4472,4582,4690,4795,4898,5000,5099,5196,5291,5385,5477,5567,5656,5744,5830,5916,6000,6082,6164,6244,6324,6403,6480,6557,6633,6708,6782,6855,6928,7000,7071,7141,7211,7280,7348,7416,7483,7549,7615,7681,7745,7810,7874,7937,8000,8062,8124,8185,8246,8306,8366,8426,8485,8544,8602,8660,8717,8774,8831,8888,8944,9000,9055,9110,9165,9219,9273,9327,9380,9433,9486,9539,9591,9643,9695,9746,9797,9848,9899,9949,10000,10049,10099,10148,10198,10246,10295,10344,10392,10440,10488,10535,10583,10630,10677,10723,10770,10816,10862,10908,10954,11000,11045,11090,11135,11180,11224,11269,11313,11357,11401,11445,11489,11532,11575,11618,11661,11704,11747,11789,11832,11874,11916,11958,12000,12041,12083,12124,12165,12206,12247,12288,12328,12369,12409,12449,12489,12529,12569,12609,12649,12688,12727,12767,12806,12845,12884,12922,12961,13000,13038,13076,13114,13152,13190,13228,13266,13304,13341,13379,13416,13453,13490,13527,13564,13601,13638,13674,13711,13747,13784,13820,13856,13892,13928,13964,14000,14035,14071,14106,14142,14177,14212,14247,14282,14317,14352,14387,14422,14456,14491,14525,14560,14594,14628,14662,14696,14730,14764,14798,14832,14866,14899,14933,14966,15000,15033,15066,15099,15132,15165,15198,15231,15264,15297,15329,15362,15394,15427,15459,15491,15524,15556,15588,15620,15652,15684,15716,15748,15779,15811,15842,15874,15905,15937,15968]
    },
    {
      "Name":"8-16BIT",
      "ID":1567172975,
      "Label":"",
      "Position":{
        "x":13.3475,
        "y":-10.5
      },
      "OutputPinColourInfo":[{"PinColour":0,"PinID":2}],
      "InternalData":null
    }
  ],
  "Wires":[
    {
      "SourcePinAddress":{
        "PinID":0,
        "PinOwnerID":1237623879
      },
      "TargetPinAddress":{
        "PinID":0,
        "PinOwnerID":854218336
      },
      "ConnectionType":0,
      "ConnectedWireIndex":-1,
      "ConnectedWireSegmentIndex":-1,
      "Points":[{"x":0.0,"y":0.0},{"x":0.0,"y":0.0}]
    },
    {
      "SourcePinAddress":{
        "PinID":1,
        "PinOwnerID":854218336
      },
      "TargetPinAddress":{
        "PinID":0,
        "PinOwnerID":1567172975
      },
      "ConnectionType":0,
      "ConnectedWireIndex":-1,
      "ConnectedWireSegmentIndex":-1,
      "Points":[{"x":0.0,"y":0.0},{"x":0.0,"y":0.0}]
    },
    {
      "SourcePinAddress":{
        "PinID":2,
        "PinOwnerID":854218336
      },
      "TargetPinAddress":{
        "PinID":1,
        "PinOwnerID":1567172975
      },
      "ConnectionType":0,
      "ConnectedWireIndex":-1,
      "ConnectedWireSegmentIndex":-1,
      "Points":[{"x":0.0,"y":0.0},{"x":0.0,"y":0.0}]
    },
    {
      "SourcePinAddress":{
        "PinID":2,
        "PinOwnerID":1567172975
      },
      "TargetPinAddress":{
        "PinID":0,
        "PinOwnerID":430248595
      },
      "ConnectionType":0,
      "ConnectedWireIndex":-1,
      "ConnectedWireSegmentIndex":-1,
      "Points":[{"x":0.0,"y":0.0},{"x":0.0,"y":0.0}]
    }
  ],
  "Displays": null,
  "HasCustomLayout": false
}